"outcome","model_id","term","coef","se","z","p_value","hr","ci_lower","ci_upper","n","nevent","cause_group","n_valid_eventcoding","n_events_target"
"cause_specific_circulatory","CS_circulatory_M3_ic5","ic5_per1lower",0.250534441616265,0.0432778992893622,5.78896956021724,7.08195290861771e-09,1.28471183671614,1.18023234033263,1.3984403299213,5083,340,"circulatory",6550,435
"cause_specific_cancer","CS_cancer_M3_ic5","ic5_per1lower",-0.0404807148556978,0.0443279348061665,-0.913210034094944,0.361132087651894,0.960327684390804,0.880415018647203,1.04749378631052,5083,322,"cancer",6550,406
"cause_specific_respiratory","CS_respiratory_M3_ic5","ic5_per1lower",0.19205579827645,0.0752326005724357,2.55282679071467,0.0106852619288417,1.21173812797764,1.04561226220298,1.40425791076819,5083,113,"respiratory",6550,154
"cause_specific_other","CS_other_M3_ic5","ic5_per1lower",0.261440599633653,0.0709233438807995,3.6862418680238,0.000227590061522705,1.29879979009718,1.13024384328682,1.49249288529714,5083,125,"other",6550,164
