"outcome","model_id","term","coef","se","z","p_value","hr","ci_lower","ci_upper","n","nevent","cause_group_name","n_valid_eventcoding","n_events_target","neg_log10_p","significant"
"cause_specific_group_IHD","CS_GROUP_IHD_M3_ic5","ic5_per1lower",0.292030282038453,0.0654854801770434,4.45946614805196,8.21640487199186e-06,1.33914356902235,1.1778386417229,1.52253919588742,5076,155,"IHD",6542,202,5.08531816856612,TRUE
"cause_specific_group_Stroke","CS_GROUP_Stroke_M3_ic5","ic5_per1lower",0.234410637142236,0.0662628392339126,3.53758818445358,0.000403799319306527,1.26416349812512,1.11019742373557,1.43948212797563,5076,140,"Stroke",6542,178,3.39383441749161,TRUE
"cause_specific_group_Pneumonia","CS_GROUP_Pneumonia_M3_ic5","ic5_per1lower",0.214375802341748,0.101274197400832,2.11678599133473,0.034278014801016,1.23908821956235,1.01600881253431,1.51114793190472,5076,63,"Pneumonia",6542,87,1.46498433803033,TRUE
"cause_specific_group_Diabetes_Mellitus","CS_GROUP_Diabetes_Mellitus_M3_ic5","ic5_per1lower",0.363346125848478,0.177388808551028,2.04830354753725,0.0405302656090765,1.43813354829935,1.01579387519445,2.03607065690188,5076,23,"Diabetes_Mellitus",6542,27,1.39222055016459,TRUE
"cause_specific_group_COPD","CS_GROUP_COPD_M3_ic5","ic5_per1lower",0.190086984845635,0.138059303180818,1.37685024091912,0.168558554005958,1.20935478862178,0.922650957286949,1.58514874255701,5076,38,"COPD",6542,51,0.773249203016514,FALSE
"cause_specific_group_Hypertensive","CS_GROUP_Hypertensive_M3_ic5","ic5_per1lower",0.0895844711717114,0.203084876351602,0.441118377601951,0.659127299671173,1.09371971719644,0.734581321794201,1.62844165008514,5076,18,"Hypertensive",6542,23,0.181030700420186,FALSE
