"cause_group","hr","p_value","neg_log10_p"
"circulatory",1.28471183671614,7.08195290861771e-09,8.14984696540557
"other",1.29879979009718,0.000227590061522705,3.64284670677647
"respiratory",1.21173812797764,0.0106852619288417,1.9712148274675
