"outcome","model_id","term","coef","se","z","p_value","hr","ci_lower","ci_upper","n","nevent","cause_code","cause_level","n_valid_eventcoding","n_events_target.x","neg_log10_p","significant","n_events_target.y"
"cause_specific_icd3_I21","CS_ICD3_I21_M3_ic5","ic5_per1lower",0.338777107095782,0.0918535294699646,3.68823178652661,0.000225817896494583,1.40323054022262,1.17204196576649,1.68002171127527,5076,77,"I21","icd3",6542,104,3.64624164238958,TRUE,104
"cause_specific_icd3_I25","CS_ICD3_I25_M3_ic5","ic5_per1lower",0.266147384428082,0.0954545533067691,2.78821046464641,0.00530000994178793,1.30492737048889,1.08226914565508,1.57339368777842,5076,75,"I25","icd3",6542,92,2.27572331574646,TRUE,92
"cause_specific_icd3_I63","CS_ICD3_I63_M3_ic5","ic5_per1lower",0.402963177915936,0.126084228016688,3.19598402000449,0.0013935482962522,1.49625179553982,1.1686422817021,1.91570121217539,5076,43,"I63","icd3",6542,52,2.85587797533076,TRUE,52
"cause_specific_icd3_J18","CS_ICD3_J18_M3_ic5","ic5_per1lower",0.244834720546062,0.106554755503425,2.29773621448733,0.0215768070759621,1.27741016610152,1.03664676270727,1.57409137920619,5076,57,"J18","icd3",6542,78,1.66601282155696,TRUE,78
"cause_specific_icd3_J98","CS_ICD3_J98_M3_ic5","ic5_per1lower",0.559184968925601,0.225495464892299,2.47980583198282,0.013145394429283,1.74924622911388,1.12436898836177,2.72140409575635,5076,7,"J98","icd3",6542,10,1.88122637829926,TRUE,10
